review_text,label
"Love this!  Well made, sturdy, and very comfortable.  I love it!Very pretty",CG
"love it, a great upgrade from the original.  I've had mine for a couple of years",CG
This pillow saved my back. I love the look and feel of this pillow.,CG
"Missing information on how to use it, but it is a great product for the price!  I",CG
Very nice set. Good quality. We have had the set for two months now and have not been,CG
I WANTED DIFFERENT FLAVORS BUT THEY ARE NOT.,CG
They are the perfect touch for me and the only thing I wish they had a little more space.,CG
These done fit well and look great.  I love the smoothness of the edges and the extra,CG
"Great big numbers & easy to read, the only thing I didn't like is the size of the",CG
My son loves this comforter and it is very well made.  We also have a baby,CG
As advertised. 5th one I've had. The only problem is that it's not really a,CG
Very handy for one of my kids and the tools are included in the package. I have one in,CG
"Did someone say, ""Oriental for $60""?  It is a great product for the",CG
These are so flimsy! They are not the quality you would expect from a piece of furniture.,CG
Makes may tea with out stirring. The only problem is that it's kind of hard to put,CG
Absolutely adorable! And excellent price. We have had the wooden ones for a few months now and they,CG
Love this!  Perfect size for an entire family!Very good quality.,CG
These look beautiful and so nice. The only problem is that it's not really a mesh one.,CG
Exactly what you would expect. I love the look and feel of this pillow.,CG
This fan is really pretty and I actually use it.,OR
"Super rough, not soft wash cloths, more like bar towels",OR
Like this little guy. Use it often. He is small.,OR
Perfect size .easy to unfold. Topremoves for storage. Love this.,OR
Does not do a very good job; difficult to use.,OR
frame was beautifully crafted and looks great with my picture.,OR
My hot cocoa is finally perfect! This product is fabulous,OR
i bought this for a friend and he loves it.,OR
Very soft and great quality for such a low price!,OR
Purchased as a Christmas gift.  She will love it.,OR
"accurate description, works great, came on time, i'm very happy!",OR
Use it in my Duvet cover. Fluffy and perfect fit!,OR
One of the softest blankets ever. So nice and cozy.,OR
"Smells great, and the fine mist dries quickly. My favorite.",OR
Exactly what I was expecting. perfect curtains for my bedroom.,OR
Just what I wanted to hang my pants and skirts.,OR
"It's kind of small, we were looking for something larger.",OR
A little pricey for what it is.,OR
works great & the charge kept up all day long,OR
This is a nice quality frame at a good price,OR
"Does the job, but nothing special. Not hard to install.",OR
Item as described and arrived in a timely manner.,OR
Bought 2 and sent one back because it didn't work,OR
"Made well holds all my make brushes, pencils, mascara etc.",OR
"sheds all over, would not buy it ever again. blanket.",OR
"Works great, it's Pyrex, I'd expect nothing less from them.",OR
"we like this little opener, real easy on my hands.",OR
Perfect. Love everything about them. Look great in my kitchen.,OR
air tight and it works great glad i got it,OR
Very cute and good quality fabric. Zippers worked well too.,OR
These were great to send my grandkids their Halloween treats,OR
Save a ton by using these instead of paper towels!,OR
These are so weak. They barely bring in any air.,OR
"Great set of glasses!  Good quality, comfortable to handle.",OR
It feels cool to the touch but is super hard.,OR
"So cute, made well my grand daughter will love this.",OR
Works as expected for connecting CCTV power supply to cameras.,OR
Very Soft ! Definitely better quality than I was expecting.,OR
Nice and contemporary. Great for the price. Easy to assemble.,OR
Super cute and appears to be great quality! Highly recommend!,OR
These are really cool actually.  My boyfriend loved them.,OR
Bought as a gift for a cousin.  Very nice.,OR
Stopped working after one use still waiting on my refund,OR
cute and reasonably price. I am happy with my purchase.,OR
Well received and comfortable. Gave as gift to dialysis patient.,OR
"do not expected to be so poor on quality ,",OR
Easy to review. The kid DDS love them!  Thanks,OR
"Really ruff under your feet, it feels very sturdy. I will keep my feet in the chair",CG
Order to place special photos on the wall.  We've had it for a couple of weeks and,CG
a nice secondary vacuum for small apartments and reaching tight areas,OR
"Good size, good value for money. Looks great in my bar.",OR
"Somewhat hard to clean, not as convenient as I had hoped.",OR
Works Great with all my battery candles of the same brand.,OR
Ok pillow kind of too hard and firm not very soft,OR
"Perfection. Beyond easy to use, minimal effort, fast and perfect froth.",OR
Love this item. I smile every time I I use it,OR
Fleece blanket is cozy warm. It was exactly what I wanted.,OR
Noticed today top I'd bubbling up where a glass was set,OR
Great for weighing in lbs and oz not grams. Fast shipping.,OR
I clean all my guns and containers and the tools. I also keep my pistols in a small bag,CG
The size of this product is an amazing quality and it is a nice addition to the local store.,CG
"Useless on scratches, applied as intended. The only problem is that it's a little hard to",CG
"Great product!  Multi pack, has the wide brim and two large pockets for my small stuff.",CG
"Great product. I haven't use it yet, but it is good enough.Nice bag for the",CG
Came very quickly. Installed on time. The only problem is that it comes with a small,CG
"Very cheap, quality and price.I love the materials. I will buy more for the price.",CG
I like it a lot better than the regular one. I will keep this for the next one.,CG
This seat is painful to use. The only way to fix it is to just throw a couple of,CG
"pushed 15' flat pretty good, and it feels good on my wrist.",CG
They work. I keep them in my car and they are good enough to hold my keys and my,CG
A must have that works for me.  It is a little heavy for my small size and doesn,CG
Very pleased with case. Well made. The only problem is that it comes with a small screw that,CG
"A bit overpriced at 100% of the price, but I will keep my money.",CG
I took a old heavy duty knife and the knife itself was a nice piece of equipment.,CG
This cover is to good use. The only problem is that it comes with a small screw that is,CG
Good cable and easy to use. The only problem is that it comes with a small screw that is,CG
like the French design but it has the design flaw. I will admit that I have been using this,CG
Built a very portable gravity valve. The only problem is that it's not really a vacuum powered.,CG
Tire looks good but not what it should be.  I will keep my Titan in the store,CG
Fits well and much cheaper than a basic cell phone. I will keep this in the car and,CG
"It's perfect, covers my beach time perfectly, and keeps my water cold.",CG
Already fletched one arrow and it caught the arrow on a small piece of wood.,CG
Make great skinning and gutting.  The only reason I gave it 4 stars is because I,CG
"Ice stays....ice many, many, many...........many more. The only problem is that it",CG
For the price this knife is an amazing deal.  I will keep this knife in my collection.,CG
This bag did not fit my wife and she had to take it off for a couple of hours.,CG
Great product. Boils water and takes the time to drink out of.,CG
Bike shorts are comfortable and are stretchy. The fit is nice and snug.,CG
I ordered this size by mistake but kept them just incase I get a scope they can go on,OR
"Excellent, you retain your mobility while carrying essential gear
in a light weight rig. The Multicam pattern is authentic, THX",OR
"For the price the are ok, the front sight for a low gas block for 20 bucks is great",OR
Orange side shows through a little.  Would not buy again.  Should have bought the single sided version.,OR
Really a good deal and works as advertised.  Easy to use and carry.  Long charge life too.,OR
"This is not 3 pound weights like I thought was being advertised, it's 1.5 lbs each totally 3 pounds.",OR
Great grips! Feel good to the hand and are just tacky enough. Easy to install and they look good.,OR
"Love this sight! Very clear and simple to use! Combined it with the Vortex 3x magnifier, super win combination!",OR
"It looks awesome & comes very sharp on both sides, even finding a double edged hand spear is rare!",OR
I fill these up and leave them in the refrigerator. I love not adding more bottles to the landfill.,OR
Great targets... Will buy again... Fast Del ..takes the guess work out if where you have hit your target!!!!!,OR
"Just what I wanted big enough for one small pistol, holster and compact cleaning kit I like I like.",OR
I guess you get what you pay for broke after it fell maybe two feet once. My own fault.,OR
Smaller in real life than I would have thought. Glad I bought 2. Very soft and very well made.,OR
"Sock was very long, over my knee. Like them otherwise, but returned for this reason and I'm 6'1"" tall.",OR
"Fit great, touchscreen ability is so so but lose a lot of warmth in the fingers because of it.",OR
"Poor design, handgun fits holster ok but holster mount offers no support on your belt, should have sent back.",OR
"i didn't mind that it's covered in cosmoline, but the blade is ultra dull, and huge chip in it",OR
Awesome!! Hubby loves it. Great quality! And the rubber one is perfect for when he's working.,OR
"Product itself is probably good, but for novice anglers the instructions are microscopic in size and puzzling in explanation.",OR
A bit tight to close.  But the rubber will probably wear down a bit to make it easier.,OR
Have this grip on a putter already and wanted another putter to have the same grip.,OR
My skinnier 10u girls can wear this with no problems.  Love that it accommodates the bigger girls too.,OR
"I tried the single pack before buying the can. Not my favorite flavor, but always happy with this brand.",OR
Not as easy to collapes as I had hoped. Have to hold on or it gets a little unstable.,OR
"This bag has an almost endless amount of room, great for multi carry and all the rounds you need",OR
They work well as part of the process of cleaning cleaning my shotgun.  Convenien and efficient when used.,OR
Works great..But once your kid gets this one moded to fit his elbow...DO NOT let anyone else wear it..,OR
So far they're great! No rips or tears after going a few rounds with them and hitting the bag!,OR
These look to be very nice. The only problem is that they are not very comfortable.,CG
You gotta get this clock!  I love the feel of this thing.,CG
There are already some damage marks on the side of the handlebars. These have a strong mark.,CG
Great for a hideaway weapon.  The only problem is that it comes with a small screw driver,CG
It's really good blocking the sun. The only downside is that it's kind of hard to throw,CG
I bought this as a gift for my son and it was a gift for him too!  It,CG
"Not something to wear out, but it's a very comfortable fit.  I have a large one",CG
"WOW, you CANNOT beat the price. The quality is amazing.",CG
Works good. Just wish it had a little longer cord.works great.Nice bag for the price,CG
"Mine shipped with 6 rings, a 3rd ring and two 4x4s.",CG
"Pretty cheapo looking and feeling, and it feels good on my wrist.  I have a large",CG
"As me and my wife, we love the swimming pool.  We also have a large one.",CG
I took off the swivel and it kept the chain in place.  I have a large,CG
This mat smells horrible!!! I've had it for a few months now and it's just the right,CG
Works amazing. Better than a few of the other materials.works great.Nice bag for the price,CG
Excellent fit/finish for the money.  The only problem is that it's a little hard,CG
"It was a lot bigger than I expected.  I was expecting a lot of small stuff, but",CG
"For me, they're just a little more expensive than the other two.  I just got a",CG
Purchased this as Christmas present and it was an awesome gift for my husband! He loves it,CG
I JUST THOUGHT I WOULDN'T BE A LITTLE GENTLE PYTHONER.I had a lot of trouble with the TV,CG
"A Person (s) asked me to by these (3) for her- them. One was very pleased!  WV is hilly , so no signal could be picked up . But it is a good product.",OR
"Does not have the ""soft"" feel of a leather case - but it is what it is.  Perfect fit - protects the kindle - and easy to handle.  Very sturdy and looks good.",OR
"great item! no more need to sit right by outlet. made well. my old style still works after years with ipad 2. now with ipad air, new style is very good after months of use.",OR
"The sound is amazing but I can't really make them stay inside my ear, and I've tried all included sizes of the rubber. If you move the cable it ""rubs"" and you can hear it.",OR
"What can I say it works as needed, usually last around 3 hours of full use on a battery only.  For the price you can't beat the battery.  It fit perfectly as well.",OR
Never could get this thing to work right. I hook it up to all the right connections; but get no response on the monitor. It has been added to my dust bin of useless parts.,OR
"This is super quiet,  works great keeps my laptop cool. The blue light it has makes it look great,  it is also helpful to see the keys in the dark.",OR
As long as they don't lose any files from my weddings I love them. I have never lost files from a wedding so I worry when I purchase new CF cards. So far so good.,OR
"Nice, simple, basic, small.  Purchased as a gift, so I can't speak from experience, but I did open it up and look at it.  Was a good fit for a small Nikon Coolpix.",OR
"You will read that the Hopper can take an external drive with a max of 3 terabytes, but this 3 terabyte drive works perfectly. It was truly plug and play.  I highly recommend it!",OR
"It's a good little clock, it is not too bright. You get what you pay for, however it will not pick up an FM station 20 miles away but it is a good alarm clock.",OR
"Can't give a true feed back for this as got it for my son, but he loves loves it updated for an older version he had a long time and it never let him down",OR
"Worked fantastically. Good heavy paper makes an easy seamless background. Good color as well. It is heavy and it does want to unroll, but I read the comments here and was prepared with a clamp.",OR
It was a top quality product but it was not compatible with my system so I had to return make sure to check I did but got poor information. Still it was a good product.,OR
Works great ! just be careful of putting to much cleaner on your dash but even with that you have to take corner pretty fast to get this to slide. I would def buy again,OR
For $17 it was a bargain. The quality is good but it's not a perfect fit. The bottom is too tight and the plastic feels cheap and the plastic feels cheap.,CG
"works well with the shakespear cable. The only problem is that it comes with a small screwdriver.I bought this for a friend, and he is very happy with the",CG
I've been using these with my old T3i and T4i for a couple of years.  The range is amazing.  I can get around a couple of miles,CG
"Fantastic charger, its worked perfectly and has kept the battery in good condition.Nice little speaker! Works great.  Great price!Works great.  The sound is great",CG
"Easy to install, shipped extremely fast. The only problem is that it comes with a small screwdriver.I bought this for a friend, and he is very happy with the purchase",CG
"Really, really cheap.  The mic has the quality of a good pair of headphones, the bass is good, and the mic is very comfortable.  The sound is crystal clear",CG
"Works good. Don't get it confused with the wide-angle model.  If you have a full-frame camera, the lens will be a bit wider than you think.",CG
"It is ok, seem to be a little noisy, but I will keep it for the next one.I bought this for a friend, and he is very happy with the purchase",CG
"Great product.  I didn't know it was an inch longer than the original one, but I'm glad I did.  The plastic part is also very light and easy to",CG
This product was OK.  But it didn't work.  My computer didn't recognize it and the other two computers had the same problem.  The TV was not working.,CG
I am in the process of upgrading my system to a newer Intel Gb2. I have an HP Pavilion 8.1. The latest version is running a Nvidia 750W CPU,CG
"I wanted to like this stylus, but it just wasn't as good as I expected. It is so small that it's not portable and takes up a lot of space.",CG
"This little device is perfect for me and the price. I will keep this in mind when buying.I bought this for a friend, and he is very happy with the purchase.",CG
Works great with a 2014 MacBook Pro and an AMD Athlon X2 processor. I have one in my office and the other in a office. The sound is great.,CG
"Worked great in my phone and it works fine.  I will keep my review for a while.I bought this for a friend, and he is very happy with the purchase",CG
Just got this. It is not universal for ski poles. It does not fit on the slim carbon composite  ski poles. They don't tell you that. It also broke.,OR
"Love it, cut down my cable. Great Product!Very good quality. Nice little speaker! Works great. Great price!Works great. The sound is great.",CG
"Excellent fit, very well made.  I love the materials.  The zipper is a little loose, but is so small that it doesn't bother me.  I think the zipper",CG
Awesome action cam. 1080p is what I wanted. Great sound. The only reason I gave it 4 stars is that the front of the camera is a little tight.,CG
LOVE this carrying case. Even better than the case on my Tivo.Nice little case! Works great.  Great price!Works great.  The sound is great.,CG
"These are not exactly like the ones I bought, but I did find that the dimensions were just right.  The ear buds are a bit small, but if you don't mind having",CG
Bought this for my upcoming vacation. The quality is good but it's not really the best one. I had to replace a solid one with the plastic one.,CG
"The ASUS DRW-24F1ST - DVD-ROM (120GB) - Intel GbE 2400GB SATA-3 6Gb/s Cache, 8GB Kingston H",CG
"Lets me get good pictures, and an easy way to watch video.  This is the first one I've owned.  The pictures look great and the sound is crystal clear.",CG
Probably the best boombox I've ever owned.  I've also owned a Sony Rollei (which I had a lot of trouble with) and a Sony EOS,CG
I'd give it 5 stars if it wasn't for the fact that it's a little hard to use.  I had to use a toothpick to get it to work.,CG
Got them for travel purpose and have them with me. works great. Nice little speaker! Works great. Great price!Works great. The sound is great.,CG
I love this card. We use it everyday with our tablets and it works great. I have one in my phone and the other in our office. The sound is crystal clear.,CG
This works perfect for hiding my old laptop. I've also used this for a few hours. I had to replace a defective one with the new one.,CG
"Another in a fine line, it's an excellent value for the money.  I'm not an expert on music, but I am a music lover, and this is a very good",CG
"These headphones sound just like the ones I bought, which is a nice bonus. I have one in my bedroom and the other in a office. The sound is crystal clear, and it",CG
I had a difficult time finding an easy way to connect the power supply to my computer.  I had an ethernet cable but it was too short to connect the power supply to my,CG
Great camera backpack. I wanted something to carry with me in the car or my bag. I just wanted a pair of ear buds. The Bose is the perfect fit.,CG
"It took me some time to figure out how to make the connection work, but I was able to get it working. The only thing I didn't like was the fact that it would",CG
I bought these way too lengthy but since they are excellent cables i don't mind. Will find a use for the 80ft i have left (haha). Get these with some banana plugs and you're good to go.,OR
Like this trackman & for the price it is great once you get use to it it will become an old friend at first I was not sure I liked it but now I like it allot,OR
"Best keyboard cover I've had to date. Laptop keys still have a little bit of ""give"", which I like, and the material just feels nice on the fingertips. Will buy more once I'll wear this one out.",OR
I purchased this set as a last minute purchase- the product is good. It chages quickly and is lighter than the Nikon brand I had been using. The car charger is great. Good product for the price.,OR
"Great price. Very fast. Had it for over a year now with no issue.
Durable little thing.
I have owned this for years now and it is always taking punishment on my key-chain and still going strong. Very durable.",OR
Well worth the $$ ....My Garmin wasn't holding a charge anymore. Figured I'd give this battery a shot. I really think this battery holds a charge longer than my original. Love it. Easy to install yourself too!,OR
"I loved all four seasons, and I am very pleased with all three seasons. I am not a fan of the old classics, so I am not sure if I would watch it again.The family had no idea that this film was going to be as good as it was.  I had a lot of fun watching the family get together and learn more about their childhood.  I will watch it again. ",CG
Along comes a wonderful movie that will make you feel like you are watching a great movie.  The story is not the best but it is entertaining and the acting is good.  The movie is a fun watch and will keep you interested for a long time.  I recommend this movie to anyone who likes family entertainment.I did not know about this movie until I watched it on PBS. I was quite surprised to,CG
i got this gem for $8.00 and it was a nice bonus for the whole family.I really enjoyed the movie. The characters and the story were great. The acting was great. The acting was great. The acting was good. The acting was good. The acting was good. The acting was good. The acting was good. The acting was good. The acting was good. The acting was good,CG
I originally saw most of this play on screen a few years ago on PBS. I was delighted to find that it was released on DVD. Dick Van Dyke and Mary Tyler Moore are superb in this intimate drama of two elderly people in a nursing home who become acquainted with one another through playing gin together. It was originally a play and it is a play on film. I highly recommend this DVD for anyone who enjoys a good play on film.,OR
"The HBO special was much more dramatic than the book, which was more like a biography.  The book is one of my favorites and frankly most books turned into movies fall short, but not Band of Brothers.

The use of the first person narratives at the beginning add a dose of reality to this excellent work.  Unfortunately, Band of Brothers premiered on September 9, 2001.  Current events quickly took precedent, but if you haven't seen before you owe yourself this pleasure!",OR
"Released in 1969. Everyone who had anything to do with this film is now either deceased or long out of the movie business. Who got paid for digging ""The Witchmaker"" out of the landfill almost fifty years later?  Is there a living to be made exhuming mediocrity when there's so much fresh mediocrity still above ground?  I suppose images depicting the degradation, abuse, or slaughter of young women will always appeal to enough people to make supplying them a viable business.",OR
dont let the awful title fool you.it was originally called stepkids but was changed for no particular reason.dont stop watching this movie when you see the first half hour.i was about to but i decided to give it a chance to  get much better.and it really did! it started to have very good  cinematography or something.definetely overated.well maybe because i saw it  on disney channel and they might have cut out some of the language.i really  enjoyed this movie,OR
"This review is for the Blu Ray version of Anastasia.  Regrettably, there is not a DVD version included, but the Blu Ray is high quality with a few fun extra features (a couple of games, a drawing Anastasia tutorial, etc.)

All in all, a good buy, as long as the price stays low.

It is a great animated movie, but I won't give the movie a full review since most folks looking to buy the Blu Ray already have seen and love the movie.",OR
"This is a very pleasant workout DVD with variety, even though I'm not too keen on upbeat Christian music (thankfully you can't really tell that's what it is). The DVD packaging, however, advertises 5 cardio routines - as if you can choose from 5 different workouts, which isn't the case. It's actually 5 combinations (3-4 minutes each) that are then combined at the end to complete the 25-minute cardio portion. Overall it's not too challenging but the instructors are very pleasant and motivating.",OR
"This is a nobrainer really.  I love the movie.  The plot is just a little too simple.  The movie is just a little too complex.  There are a lot of twists and turns.  It's just a little too predictable.  This is a great movie for adults and a great family movie.  I recommend it.great movieI love this series!  I love the characters,",CG
Bullet To The Head BULLET TO THE TONGUE.  The first one is the first one.  There's the scene where a woman is being chased by a group of men and they go to a lake.  The next scene is when the group of men are attacked by a group of women.  They are the most dangerous.  There's a scene where the men are attacked by a group,CG
"I know this had nothing to do with the movie. I saw it for the first time and was so pleased.  The movie is a bit cheesy, but it's a very entertaining movie.I had no idea that this film would be so well written and acted.  The acting is great.  The story is well told and the story is very well told.  I highly recommend it.It was a fun",CG
"I found this set to be an entertaining movie, and I will keep watching it.Very good.I really enjoyed the movie. The characters and the story were great. The acting was great. The acting was great. The acting was good. The acting was good. The acting was good. The acting was good. The acting was good. The acting was good. The acting was good. The acting was good.",CG
This film was recommended highly by an academic reviewer and is a must see for anyone who loves the historical accuracy of the historical accuracy of the films. The film is a tribute to the late director of the British Empire. Highly recommended.I was excited to see this movie.  The acting is great.  The story is well told and the story is very well told.  I highly recommend it.It was a fun,CG
"In these days when you have 5,000 channels you would think some of these older films would get a chance. These films are a great distraction, if for no other reason for the atypical use of some of the Hollywood talent: Yvonne de Carlo sings! Donald O'Conner is a pirate! Jeff Chandler goes undercover! Errol Flynn is a womanizer! OK, maybe the last one isn't a stretch. Still, a bunch of fun films, especially if you like watching model ships being blown to pieces.",OR
"I generally enjoy ""bad"" movies, but there weren't too many entertaining elements to this one.
The way it was shot, I was willing to let go of considering its budget.  The ""acting"" was not the worst I've seen (and can make B films diverting at times) ... it was consistently poor, though, and I couldn't find much redeeming value.  About half an hour into the film, where it made some attempt at becoming exciting, I just had to give up and move on.",OR
"I liked getting an American based movie and that they changed some of the terms such as Muggle to No-mag (spelling?) because that is true to the culture, America may be the offspring of Britain and we may all speak English but we still change things to make it our own lift vs elevator for example.

It definitely had a different feel than the previous HP movies, darker, older, more mature. But it's still neat to see the origins of some of the HP lore",OR
"What an adorable film/televison program - I was curious about this for awhile and was really happy to get the DVD. It was a fun frolic of the retelling and modern update of Jane Austen's classic novel. It was a great telling - the US verion has a scene or two cut from the final disc - Jemima Rooper's character singing Petula Clark's ""Downtown"" the characters quote it - which is hilarious. I liked it and so did my friends - it was cute.",OR
"A star-studded cast and a commendable script mixing Sherlock Holmes, Watson and Lastrade with the theory of Jack the Ripper being somehow connected with the family of Queen Victoria and the Society of Masons, mix well with shadowy streets and a cryptic message scrawled on the wall of one of the murders (which, I am told, is true) and you have a superb flick. Warning: the graphic mutilations of the Whitechapel prostitutes are subdued and never actually shown, but the thought is still gruesome.",OR
"If you're a longtime fan of the original series, you will enjoy this one. I recommend it.I really enjoyed the movie. The characters and the story were great. The acting was great. The acting was great. The acting was good. The acting was good. The acting was good. The acting was good. The acting was good. The acting was good. The acting was good. The acting was good.",CG
"This film transcends the exploitative, violent, and even violent confines of the film, and is one of the most heart-warming, touching, and deeply moving films of the year.I enjoyed it.  It is a good film, and one I would watch again.  The acting is great.  I liked the acting and the movie was great.  I think the ending was a good ending for the movie",CG
I'm totally a Brony. The only thing I can say is that it's my favorite movie!  It is so funny and it's so funny and it's funny and it's funny and it's funny and it's funny and it's funny and it's funny and it's funny and it's funny and it's funny and it's funny and it's funny and it's funny and it's funny and it,CG
5 Star show. I watch it a dozen times a week. The story is simple and the characters are well developed. The story is also very well-acted. The actors are well-acted. The special effects are well-done. The special effects are well-done. The special effects are well-done. The story is very well-acted. The story is very well-acted.,CG
"I saw this movie with my wife and she loved it.  She also loves the music and the story.  I've seen a few other movies where the story was a little contrived, but this one is really good.  The movie is really well done and the acting is believable.  The acting is also top notch.  The music is great.  The music is very good.  I recommend it to",CG
"I use this Blu-ray disc as a demo for my home theater, with a 110-inch projected image.  There are many times I do not have time to show a long movie to visitors who just want to see the theater in action, so showing a chapter from this disc is perfect.  Even teenagers, notoriously hard to please, love seeing this footage.  Well done.  I wonder if there will be a 4K version eventually, once that format catches on (assuming is does)?",OR
"Returning to the crime scene on The 13th season of ""Law and Order"" returns with former senator Fred Dalton Thompson joining in as the new DA Arthur Branch. Also in the 13th season it marks it's 300th episodes, and with the late Gregory Hines guest stating in this season. Also returning in the 13th season are Sam Waterston, Jesse L. Martin, S Epatha Merkerson, Elisabeth Rohm, and the late Jerry Orbach. There are 24 extreme episodes in the 13th season!! This is worth watching it!!!",OR
I bought this as a gift for my mom. She had mentioned one of the movies 'Snoopy Come Home' so I figured I get it for her. I saw this double feature and thought shed enjoy it. It comes with two movies the other is A Boy Named Charlie Brown. She watched it with the grandkids and said it was a big hit. The movie kept them entertained. She said the songs were really catchy. It was a really good price for two good movies!,OR
"I am 57 years old,  60 lbs. over weight and have diabetes. I have arthritis in my knees and neurapathy in my feet. I cant do any thing with jumping or hopping in it. This dvd is perfect for me. All you do is stand in one place and work your muscles.  Its amazing how quickly my body responded to it. Tracy makes you feel like you're in a real class. Anyone can do this dvd. I would even recommend it for children.",OR
"If you're a Batman fan, you'll want to watch this one. If you're a Batman fan, you'll want to watch this one. The story is great. The acting is great. The special effects are great. The story is great. The special effects are great. The special effects are great. The special effects are great. The special effects are great. The special effects are great. The special effects are great",CG
"Joan Hickson IS Miss Marple, and has the wit and wisdom of a true detective. She is one of the most beautiful women in the world. The film is a tribute to her and her life. The movie is a tribute to the best of her life. The film is a tribute to the woman who was most beautiful in her life and who is the best of all.",CG
The white Queen is a woman who is the only one who will love her. She is the only one who will love her. She is the only one who will love her. She is the only one who will love her. She is the only one who will love her. She is the only one who will love her. She is the only one who will love her. She is the only one who will love her.,CG
"We rented this movie last Saturday night and could not watch the whole thing!  It was that bad!!  The plot line is so convoluted we all (4 of us) had trouble following it!  Usually, when I rent a movie that isn't very good I'll watch it again to see what I missed, but I couldn't do it with this one.  The acting is the only thing good about it and even that couldn't save this horrible story line!  Save your money!",OR
"I really loved the book Nights in Rodanthe, so I had mixed feelings reviewing this movie because I didn't like some of the changes they made.  I loved Richard Gere and Diane Lane in the movie, which is why I gave it a four star rating.  It is a sweet love story and the chemistry between Gere and Lane is really nice.  This is a case where I do think the book was definitely better than the movie, but the movie is good.",OR
"Its a Bank Robbery Story with a few mild plot twists. Its ok but nothing to write home about. Again, you do not need to buy this video. I would rate it a C+ at best a B. Nudity: only one shower scene with a few butts. No Sex. And in case you were wondering, it is not a Gay move. Well acted but the plot is uninteresting and the little secret that you discover at the end is truly very, very, very little. Ho Hum.",OR
"Sanctuary is by far the most violent movie ever made. It is a film that I have seen twice.  The first time I watched it, I was amazed at how it was made.  The second time, I was so awed that I thought I had seen it twice.  I was wrong.

I did not know the last time I watched the film until the very end.  This time I watched it",CG
"I show this video during a break in the movie. I saw it for the first time and was so pleased. The movie is a bit long, but it's a very entertaining movie. I had no idea that this film would be so well written and acted. The acting is great. The story is well told and the story is very well told. I highly recommend it. It was a fun movie.",CG
I now have 3 of these in my basement  so handy and cheaper then installing more outets for lightes down there. One would do but with three helps with keeping spiders at bay. These are great for outside evening /night events.,OR
Not OK if you are using with a tarp zipper. The tarp is not made of blue material. It seems to be sprayed with a blue coating. The blue coating comes off on the adhesive strips. I won't buy this brand again.,OR
"Great product for lighting safe path/s of egress after hours,,"" It's Goldilocks "" not to bright or to dim, mounted in hall @ 14"" and lights foot traffic perfect, will be looking for more for other areas of travel in the house,,",OR
"I've own 3 of these compressors. This one is the best and most quietest. Hopefully it will last at least a dozen years. Sold the other because one was to heavy, the other was to loud and the other developed a leak.",OR
This is my third one. I lost the other two. I carry it all the time. Very useful. I use the file as a light weight flat head screw driver in a pinch. The plastic tooth pick is a must for me.,OR
Awesome lock and the family loves it. Retrofit into existing deadbolt was able to cover the existing bored hole with a bit of the old boring showing (approx 2 mm). Acceptable but wish I would have installed it on a new slab!,OR
"Easy to setup, communicates with Insteon parts effortlessly.  Does get glitchy every now and then when configuring other switches (suddenly had 3 switches responding to 1 switch, ended up unpairing all of them and starting from scratch, then they worked correctly)",OR
We just renovated the kitchen and I didn't have the room to have the cabinet to be customized JUST the way I wanted....So I purchased this along with another one.  I was very impressed with the quality.  Rock solid heavy.,OR
"Nice lamp, mounted to the wall above plants with a grow bulb. Fits a standard flood light.
Has a mounting hole in the middle, fit a standard drywall screw.
Long cord, but when mounted above door frame needed a extension to get to outlet.",OR
"Product is fantastic, easy installation and gives my toilet a classy look. Matches great with the rest of our brushed nickel. Very sturdy and feels like its well made. Been using for several months now and it is still in perfect condition.",OR
"As usual from Estwing, this saw has the quality and quality of a quality saw. I have one other saw that I had a similar model before and it is a great saw. I used this saw to cut",CG
Comfortable headbands.  3 sets of these are the best.  The first set is the best and the second set is the best.  I have used the T-10 version and it is still the,CG
"Good pipe to extend the life of the pipe.Very good quality.Nice little light.  Works as advertised.  The plastic parts are very sturdy, and the cover is very sturdy.  The bulb is very",CG
"Love these lights, use them daily. The only problem is that they are tiny, the light has to be so small that it doesn't fit in the light socket, so it is not effective.",CG
"Everything went together rapidly.  We have the wide-angle flashlight in our garage, the wide-angle is so bright that it's bright enough to see through a tall tree.  The motion sensor is so sensitive",CG
"I put these on and it has kept the light on for about 30 seconds. I have one other light that I had to replace, but they're still working great.Great lightI have used this bulb in the",CG
"As usual, a very handy, and very professional quality tool. I will be purchasing more of these tools.I bought this to replace the Schlage 32-60-8 bulb that I replaced with this one.",CG
Overall it's really much bigger than my original one and it's a lot more comfortable to handle. Great product. Great price. I am using it in the shop to cover a lot of metal.,CG
"Does just what I bought it for, the finish is good and easy to work with.  The finish is not very smooth or flexible.  The light itself is not great, but that is not a problem with",CG
This should be standard on all Bosch products.  I will update this review if I find any other problems.  The plastic parts are also very stiff and not easily adjustable.  The saw is well made and,CG
The chrome on these rivals the ones I bought at Home Depot.  These work well and look great.  I had to replace a couple of the plastic plastic ones in the cabinets and that was a pain in the,CG
They've been using these three times a day for over a year now.  They are strong and durable.  I had to replace a couple of the blades with these.  I used these to cut a couple,CG
Just what we needed for a night light.  We've had it for a couple of years now and it works perfectly.  The only negative is the plastic part.  I used it to make a little makeshift,CG
"Used this in a repurposed garage. The only problem is that it's not really a vacuum, but a pair of the same plastic ones.  The plastic plastic part of the vacuum is so thick that it's",CG
Purchased for a replacement battery.  Works well.  Not too hot or too cold.  Works great.  Great price.  Bought 2 to replace the batteries.  They were pretty much identical.,CG
"I had another brand before this one, and it worked perfectly.  This one is a bit different.  The blades are plastic, and the weight is plastic, so it is not quite as heavy as the original.",CG
"It is sensitive enough to find an easy way to turn it on or off. I have one in my bathroom.  The other is in the bathroom, and the first is in the shower.  I have one in",CG
This serves the puropose of keeping an electrician out of trouble.  This is a great one.I bought this to replace the Schlage 32-60-8 bulb that I replaced with this one.,CG
"Great tool with scant instructions. That being said, the tools are good. The only reason I gave it 4 stars is that the plastic parts are very loose, and the holes are very large.",CG
Purchased for an elderly woman.  She had an ugly bulb that she wanted replaced.  I ordered the new bulb and the bulb fit perfectly.  The light output was excellent.  The bulb is a bulb,CG
"I haven't had it installed yet. The only thing I've noticed is that the yellow button has a slight yellowish tint to it, which is probably the result of the light sensor not being properly calibrated.",CG
Was looking for camping lights that will be useful to me for camping around my house.  This is a great solution.  I am using it in the back yard to take care of animals.  I have been using,CG
I only ordered this to fulfill my 25 dollar order. I actually use this thing a couple of times a week. I thought it was going to be junk. Has ratcheting function and spare tips that are included store in the handle. Nice product.,OR
I only use these to spread glue. I tried to use them for painting and staining and it was a mess. Lots of hair kept coming out and they don't spread very well. For the price you can't beat it though. Arrived on time.,OR
I was really just looking for something that would exactly fit what the builder had used on my home so I wouldn't have to drill new holes. This was pretty much a replica of what I had and fit perfectly. Seems to work great.,OR
"Streamlight quality and very bright small light. Programming the different modes was quick and easy, though switching from low to bright take some getting use to. Not sure how long the batteries will last but I have an endless supply of them at work",OR
"We bought this for the porch light while we were out of town. It turns out that my son and daughter in law stayed at the house, so it wasn't needed, but we're using it anyway because it is so convenient. It works perfectly.",OR
Cool hand saw. Very well made and very sharp. The handles on this make it so easy to work. The hand saw comes in a nylon case for storage or to carry with you. I received this at a discounted price for my review.,OR
"Well-made level.  I don't know where it was manufactured, but it seems sturdily built.  Price line is good.  I gave it to my son for part of his birthday gift.  I'd buy another. . . and probably will. . .",OR
"This is a high quality clip but I have not used it much with my Leatherman Wave since it is a bit heavy to clip to your pocket. However, given the price, it is nice to have a clip handy should I need it.",OR
Great looking compact knife that gives you full access the the cutting power of the razor blade.  Slice through cardboard like a hot knife through butter.  Reverse the blade when the first side becomes dull and you are ready to go again.,OR
"I installed four of these bulbs in kitchen recess fixtures less than a year ago, and three of them have already gone dark.  These lights probably burned 5 hours a day on average.  Do the math, and do not buy these bulbs.",OR
"Put this on my Skill Circular Saw, huge difference from the old blade.  Cuts much cleaner and way faster.  Makes it easier to cut a straight line.  Over all great improvement and much cheaper than what I would have gotten locally.",OR
Nice solid machine.  The only negative is it's under powered.  Slows down when sanding large planks. Great for small piece sanding.  You just have to let the machine do the work and don't push to hard.  Great for the price.,OR
"I replaced the hardware on my bureau and what a change!!
It updated the look.  the items is not large, but a perfect size. The rubbed bronze makes the difference. The item came within days, at least 5 days prior to actually delivery date.",OR
"I buy Danish Oil by the pound and they are just too expensive.  So I bought one.  The packaging is pretty nice, but the packaging is not.  The packaging is nice, but it is not in good",CG
I have tried numerous putty saws and this one is the one I have. I have used it a lot and the blade is a solid and sharp blade. It cuts great and it is worth the price.,CG
I'm very pleased with this purchase. The quality and quality of the product is excellent. I'm very pleased with the purchase. I will be ordering more of these to replace the old ones that I have.,CG
well hope they never will.It's a very bright flashlight.  I have a large collection of other tools.  The only thing I can say is that it's a very bright light.  I have been using it,CG
"Product is made in China.  I have bought many other brands of knives for my home and they all have the same thing.  The knives are designed to be ""good"" and ""handy"" and they are in",CG
I had read the reviews and thought I would try these out.  These work well and look great.  I had to replace a couple of the light fixtures in the house.  The only thing I didn't like is,CG
Replacement Tap for the 627-20-Cord.  Not included.  This is a great replacement.I bought this to replace the Schlage 32-60-Cord.  This is a very well,CG
"If you are looking for a simple, lightweight, comfortable, and inexpensive light, this is the light for you.  The design is solid and the light is attractive.  I would definitely recommend this product to anyone. ",CG
"Very good high quality set. The only problem is that it comes with a small screw driver. If you want to use a tool that is as good as this set, it's worth it.",CG
"Easy install, looks nice on my desk and the finish is good.  I have a large desk and a small desk.  I am using this with the Toto E38 4-inch saw and it is very well",CG
"nice and small, yet rugged.  I love the finish.  The blade is a little hard to grip (as I had to use a clamp to get the blade to drop).  The edge is a little hard to",CG
Organize my uncluttered trunk neatly.  I love the look.  My husband likes it!Very nice.I bought this to replace the Schlage 32-60-8 bulb that I replaced with this one.,CG
"I was very pleased with this set and the finish. I will be purchasing more for my own.I bought this for a friend, who lives in the North Dakota area. She used it to make a painting of a tree",CG
Well made machete with a well designed holster. Holster is made so it will set at an angle on the belt for easy extraction. Blade is supper sharp and should be handled with care. I would recommend this item if you need a good machete.,OR
Only 3 out of 4 bulbs worked. I have been using them for 3 weeks now and they are all turning black. They look terrible if they are off. My first impression was good deal but not at all after 2 weeks it went downhill.,OR
Perfect. It gives just enough light and is light weigh but sturdy. I actually put this on the top of a tall secretary that sits in a dark corner of my living room and it really lights up the dark spot. I am very pleased.,OR
"Light always stays on, wired it every which way possible.  Not sure if its supposed to, but I needed a 240volt switch to control a compressor located in a back room and wanted the light to only be on when the switch is on.",OR
"I an using them on an old Stinger shop vac to clean out my pellet stove (I know, I know you're not supposed to) and am not getting the dust all over the house.  The stove and ash is completely cold before I start.",OR
"Steel channel and brass tightening knob keep blade wiggle free and gives the plastic handle added weight. Handle shaped nicely for cutting. Unlike most snap blade knives, this one does not click at incremental stops. For heavy duty jobs, get one with the bigger blade",OR
"This is about the size of a deck of cards (bulky in my opinion), construction is OK.
For the money, find the VIPERTEK 17,000,000 Micro stun gun instead. Much smaller, bigger punch, fits into hands easier. I have both and like the 17MV one much better.",OR
"Exactly as advertised.  There isn't much that you can write about small lights, but these do burn very brightly, and flash through all the colors after warming up for a few seconds.  They were sent via USPS, and received in about three days.",OR
I love it.  I use it as an alternative to the cold weather bathing pad.  It is so soft and absorbs the most of the UV light.  It is very easy to clean and it does not get dusty like a regular one.,CG
"I love these! Makes my dog's coat softer and more shiny. Also, my dog does not seem to mind the odor. I will definitely order these again.I'm a very picky cat and this shampoo is amazing. I've used it for years",CG
"I really like this bedding.  It's lightweight and comfortable for my puppy, and the mesh fits her perfectly.  It's also a great size for her to lay on.  The only thing I would change is to cut out a bit of the",CG
Love the cage. It fits perfect. The only problem is that it's too small for my dog. I bought this for a friend's cat and she's a huge fan of it. The only thing I can say is that it's very sturdy.,CG
"My three parakeets love these treats. The only problem is that they are kind of hard to find.I bought this for a friend who has a parakeet who had a very sensitive stomach. She had severe diarrhea in the past, and had been",CG
This is exactly as advertised. We have 3 dogs and they all love it!We have been using this for a long time and it seems to last us a long time. The only problem is that it is hard to open. I am very disappointed.,CG
"Sprayed on cats and dogs yesterday, found a tick today on one of the dogs. Ticks don't bother me as much as the fleas do so I hope this stuff works on them better than it did the ticks. Smell was fine, not to strong and hasn't irritated any of the pets.",OR
"They seems to be good quality. The only problem is that it's kind of hard to put the bottom on top. The plastic part is also hard to put on the sides.I have used this product for about a year now, and it works great. ",CG
"Great leash. I was hesitant to give it a try because I didn't want my dog to feel secure while using it. The leash itself is very sturdy, and the cover is very sturdy. I have had it for a few months now, and it is very",CG
Thought this would be great for a puppy with long legs but it's too small for a dog with a short leg. The front part is too small for a puppy with a long leg.The dog loves it.  She's a bit lazy but it's,CG
"Very Noisy. The pump itself is a little noisy, but I will keep it for the next couple of months. Great price and I will definitely order again!I bought this for my puppy's tank.  It is a good size for a small dog.",CG
"My cats are waiting for this to be delivered.  I will keep my lab in the house.I bought this for my dog, and it is the best product I have found for him. It is great for him to sit in the car when he is hungry",CG
Quality fountain. Works great. Our dog has been using it for a month now and it's been just fine.  Great price and I will definitely order another one.I'm a very picky cat and this shampoo is amazing. I've used it for years,CG
"This is my second purchase of this item. I've tried other brands, but this one is the best. The plastic is solid and is easy to clean. I've been using it for about a year now and it's working well.",CG
Our two cats are so happy with the quality and quality of this product!  I have one cat and two small dogs and I am very happy with the purchase. The only problem is that the blades are not sharp enough to cut through the fabric.,CG
"Good size, light weight with a nice, wide opening. I will definitely be buying this again.Great product. Great price. I am a small dog, and this was a great value for the money.  It was a little pricey for a small dog,",CG
"My cat has asthma and this litter has been a god-send. Clumps really, really well. I tried to switch her back to regular cat litter, but she began having asthma attacks again. This stuff works!  It does not cure her asthma, but is not as much of an irritant as regular litter.",OR
Really like it but mine started getting really loud after not even a month. I oil the blade and clean it properly but sometimes the switch to change sizes sticks and also the 10 will randomly start catching hair. Which really sucks because I use that more than any of the other lengths..,OR
"These are fantastic! We bought two for our two cats. When we decided to get a puppy, we immediately came back to buy one for him. The quality is amazing. Very durable. They hold up very, very well. The colors are bright and fun. No chipping, no fading, these really are just wonderful.",OR
"My Guinea pigs love these!  They arrived on time and the expiration date is almost 2 years away.  They're a little hard, so I soak them in water for about a minute.  My Guinea pigs reach for them and can hardly wait to get them.  Great product and Seller.",OR
"I fed a tiny bit of this to 2 nothobranchius guentheri fry (baby killifish). They had been doing fine on freshly hatched fairy shrimp for 3 days, so I figured it was time to move them up to a slightly larger food. Within 1 hour of feeding this stuff both fish were dead.",OR
"sometimes they work, sometimes they don't.  They say it's according to how many fleas are around to hop aboard and keep pestering until that they bite the dust.  I guess it's better than not using anything but frustrating to have your pet still scratching and licking (just maybe not as much?)...",OR
I've been using this product daily and it doesn't seem to be working.  I've previously bought Angel Eyes in powder form that worked within a week.  Completely got rid of my white fur dogs brown eye drippage.  That was no longer available which is the reason I bought this product.,OR
Perfect for my Cat Food on Top and my Dog Food on the Bottom and store the bags in the pantry. Best price ever on Amazon compared to the popular Pet Stores. LOVE it!  It rolls around and is so handy when feeding hungry cats and dogs.,OR
"My cats favorite canned food. I do not know healthy this is, but it is the only canned food my picky eatters will touch. I have a fifteen year old cat that has been eating this for years so it must not be too bad. She is still as healthy as could be.",OR
"Lovely little sweater I bought for my puppy.  She is a puppy who is a strong chewer.  She loves to jump up on the couch, and jump on the bed.  She's a little smaller than I thought, but it's not her fault",CG
"This is by far the best harness I've ever used for my puppy! He's been wearing it since we got him, and he loves it! The harness is sturdy, and it's comfortable to wear. It's a little thin on him, but he doesn't",CG
"Good price for this product.  I have bought many other brands of pet collars, but this is the one I choose.  The stitching is very well-made and it is easy to put on and off.  The size is perfect for my dogs and is",CG
"This hay is usually good for an older dog, but I will admit that my older dog has a sensitive stomach.  The hay is also good for the dog who eats it, and that's what I feed her.  I will keep it for as long as she",CG
The dogs love these but the ones I bought were too small. These have a strong grain-free taste. The dogs will eat anything but the Tylenol. I have used this product for about a year and a half.,CG
"This light has been very nice. The only problem is that it's too small for my dog.I bought this for a friend's cat and she is a huge fan of it. It is a little hard to get on her, but it's not really heavy so",CG
"The collar is really pretty.  It's a very comfortable collar.  The only reason I'm giving it 4 stars is because I don't want my dog to wear a collar that's too big.  It's not a large collar, it's a very small",CG
I really like the looks of this and the materials. I will keep purchasing it.Very nice.I bought this for a friend who has a small dog and she had a very large ear. It was her only ear. I am very pleased.I bought this for,CG
"Product not any thing like this. The only reason I gave it 4 stars is because the one we bought from the vet said it was ""too small"" and ""too big"". This is a small toy and the vet says it will last a few years.",CG
"Odormute is the only thing that has kept the dogs from chewing it.  It's been one of the few things that has kept our dogs from chewing the plastic, so it's a nice bonus.  It's not a chew toy, it's a",CG
"I'd just bought a house and it was just too big for my puppy, so I bought the extra large. I had to get a larger one, but it worked out great.I have used this product for about a year now, and it works great. ",CG
Not to sure if it works or not.  I've tried it on my dog and he doesn't seem to mind it.  I also have the Toothed version and it's just not as effective.  I'm not sure if it is just me or,CG
"If only my cats would eat it, but they love it.  If you have a cat who is allergic to the stuff, then this is the product you need.  I've been giving it to my cat for a few months now and she is very active and",CG
My lab is always hot. We have had this on him for about a year now and he has never had an issue. The only thing I can say is he loves this toy and it's worth the price. It's a little pricey for a toy he really likes,CG
We are taking care of an abandoned cat outdoors and I can tell you that this works perfectly! The water stays cold and there is no freezing - no ice at all. We've had quite a bitter winter this year. A lot of 1 digit and below 0 days and it works just great.,OR
"Julia and Noah's story is my first by this author and I loved it. It is a romance with a great technical story about extreme sports and not just fluff.  If you like your romance to have a a solid story behind it, this book is for you.",OR
I have completed another Jack Ryan storey.  He  never disappoints and I was very impressed  with young Jack Jr and his buddies from the Campus crew. May Mr Clancy rest in peace and God bless his family. It has a 5 star rating in my opinion.,OR
"As the author predicted, it took a very long time to read this trilogy but the very fact that I read it to the last page is proof that it is more than good. I ached for the friendship of Blays and Dante. I wanted a love for Dante.",OR
This book was so good. Tee and Mercuri's story is full of love and learning how to trust each other unconditionally. They are loyal to their friend who are close to them as siblings. This book is about the power of love and loyalty.,OR
I gave this 5 stars because it was an interesting and well written book that I would recommend to anyone.  I had a lot of fun with the characters and the storyline.  This book had many twists and turns that kept me interested from beginning to,CG
"I really can't say this enough. The story is just too good. There is a strong female lead that is not the typical villain, but she is the perfect hero. The chemistry between the two is so great. I love how the author allows",CG
"Some stories just make you want to read the next one. If you have been following the series so far, you will be familiar with the characters and the plots. This is a good book to follow in the next book.",CG
What a great book... what a sweet and sweet story. I will definitely be reading the next one.I read this book in the last few days and have enjoyed it. The characters are well written and well developed. I would highly recommend this book,CG
"One of the Caliber women, Juliette, has decided that she wants to go to college and is determined to get the best possible education.  She is not sure if she should go to college or stay in college.  She has been thinking",CG
I couldn't wait for Damon and Juliette's story. I will admit that I was a bit nervous about reading this story. I liked how Damon and Juliette got to know each other better. They had a great relationship and I loved how they,CG
"Although John is relatively new to the world of BDSM, he's also a very strong one. He's not the type of guy you want to have a ""good"" relationship with. He's a little bit of a jerk, but he's",CG
Three great stories that will keep you guessing. I loved it. I would recommend it. I read this book in one sitting. The characters were great. I enjoyed the story. It was a good read.,CG
I never saw anticipation written into my head. I was expecting a lot of action and suspense. There was a lot of sexual tension and then the beginning of the book was boring. It was hard to get into the story.,CG
Great continuation of the series.  I love the characters and the history.  I would recommend this to anyone who likes historical romance.This book is filled with a great story of how a family of family members came together in the 21st century.,CG
I read this book over and over again. It is a great book for a beginner to start.I read this book in the last few days and have enjoyed it. The characters are well written and well developed. I would highly recommend this book.,CG
I read about 15 to 20 books in the series. I will admit that I read a couple of them before I had the time to read the whole series. This was a very enjoyable read.I had no idea that this book would be one of,CG
I struggled to connect with the characters and the plot. I didn't understand how the author could have used so much emotion in the story. The characters were not believable. There were times I wished there was more to the story.,CG
"It took awhile for me to get into the story. I did love that it was a standalone. I read the first two books, but they didn't feel like a great read. The story was well told and kept me engaged.",CG
I loved this book. I bought it this afternoon and couldn't put it down. My only complaint is I want more. I like how this book is focused more on story content instead of extremely long and raunchy sex scenes which are over done in a lot of current fiction.,OR
"I love the characters (and there are many!) and although there are many, each one retains their own individual identities. I love the intricacies of the plot. I love the action. I could go on, but I'm dying to start the next book in the series. I highly recommend it.",OR
"Just enough humor to keep one laughing but plenty of red herrings for the mystery buff.  And then there is the ""Lucy/Ethel"" moment.  That one is either a twist on Lucy and Ethel and their antics or Stephanie and Lulu in the Plum series.  Worth the read.",OR
I loved this book!  I usually get tired of post apocalypse stories but this one held my attention until the very end. There were moments in the book I couldn't stand having to wait to find out what happened. but it was well worth reading every single word.,OR
I thought the book was awesome and loved how the characters tied into the Bear Claw Security books. Once again Terry did a wonderful job about writing a love story about a shifter finding a mate. To make it better...he is a rock star! This is a must read story!,OR
This second in the series deals with a totally different sort of crime. A political conspiracy that erupts into a violent ending that you will not want to miss. I am getting ready to read the third book in the series and can't to see what the Hunters do next.,OR
Great Book love the way the author made me feel like I was there .You are going to have to go read the book and see what you think about the book.  Thank you for letting me read the book I Love it . Thank you  from Patricia,OR
I can't believe it! I've never met a D.B. Book that I didn't absolutely LOVE! This book ends on a HUGE cliffhanger but I can't wait to read the next in this series. OMFG! Garrett!! I really want to see how this all plays out. How long must I wait?!?!,OR
Yess boo you have done it again it was different than the other books but it was the bomb I love blockka he the s*** but poor Bella can't catch a break I hope her break come in part 2 keep those books coming I haven't missed a book yet,OR
Excellent book. I loved the characters and the premise. The writing was spot on. My only problem was it was too short! I want more! Thank goodness the other two books in this series are out and winging their way to my Kindle even as I type this.,OR
"A Highlander's Obsession is a great story!!! I absolutely loved it! I want my own Creighton!!! (what woman wouldn't?) This book kept me enthralled from beginning to end. Definitely going on my to be re-read book list!
I was given a copy of this book in exchange for an honest review.",OR
"In the Arrows of Islam, an amazing story about a young woman who is pursuing a career in the Arabic Language.  The story is a bit different than most of the other stories in this series.  It is a good read, and one I would",CG
I really enjoyed this story.  The characters were well developed and kept my interest.  The story is well told and the story moves at a good pace.  I would definitely recommend this book to others.  Highly recommend it.I absolutely loved this,CG
I really enjoyed this short story. The characters were well developed and kept my interest. I recommend this story. I had a lot of fun with this book. It was a very interesting read. It had a great story line and a good ending.,CG
My 3 year old loves reading about zombies and the zombies.  She also loves the fact that we get a peek into the house of a zombie and the zombies are not a real threat to her.  She is in a zombie apocalypse and can't imagine,CG
"Adorable, sexy and romantic ageplay.  I love the way these two men work together to help each other.  If you want a great, hot and steamy erotic romance with a strong female lead, then this is the book for you.",CG
"Left me wanting more. Cassie and Trace are the perfect couple. I really enjoyed this book. It's not the best book I've read by far. There are a lot of errors, and it's not a good book.",CG
"When I read the first book, I thought it was a bit boring, but I was pleasantly surprised.  The story is told from both Finn and Carrie's point of view, and the characters are well developed.  The main characters are well developed,",CG
"This book is not just a romance, it's a story about love, loss, and how we can move on. The love story is emotional and the words are so well written that you feel as if you are in the moment. The characters are well",CG
Lots of action. Well written and an entertaining story. Very good book. I enjoyed the whole series. I read this book in one sitting. The characters were great. I enjoyed the story. It was a good read.,CG
This is a book that will leave you with a sense of wonder as to how the universe works. I had a lot of fun with this book and I'm sure it will be worth the read. It was a very enjoyable read.,CG
Nice short easy read that will leave you with a smile on your face.  I was given an ARC in exchange for an honest review.  The author is a wonderful writer and I look forward to reading more of her work.I enjoyed this story.,CG
"I thought Lucia Jordan got a little too much going on in this book, but I was just glad she didn't. The book was a bit too quick and predictable. The chemistry between the two was a little rushed. The main characters were a little too",CG
"The series started off good, but it kept getting worse. I didn't really like the way the story ended. I had a lot of frustration with the way the story ended. I wanted to go back and read the next book in the series.",CG
"This is one of my favorite books by the author. I will admit that I was a little nervous about reading this story. I am not going to tell you what to expect, but I will say that it is a good read. The characters are well",CG
I learned a lot from this book.  There is a lot of information on how to structure your tweets and what kind of tweets.  I had never seen any one separate them in those categories before.  Keeping as a reference.  I'm now interested in his other books.,OR
I really enjoyed this romance book.  Selena and Peter are really likable characters and I enjoyed their interaction together.  Selena was a free spirit who could not stay at one job for long and Peter longed for her.  I enjoyed their story and it was a fun read.,OR
This is one of the first books that really made me sleep cause is only about a girl with insaecurity issues that overcomes it with boobs to become a slut or person who used his boobs to go forward (in the book only talked of the process to buy her boobs).,OR
"Somewhat interesting book, but it doesn't really give you a good idea of how to read it.  It's not the best book, but it is worth a try.Great readI enjoyed this book.  It was a little slow for me.  I don't know how I would rate a book without a lot",CG
"I'm a lover of all things Greg, and this is one of his best. I'm not a fan of the old adage, ""Only get what you think you deserve."" This book takes the old adage and turns it into a reality. This book is a great read for anyone who likes to read a quick and easy read",CG
Awesome for learning about the web. The pieces are sturdy and the puzzle is well made. The pieces are so small that it's difficult to attach them to the puzzle. The pieces are made of,CG
"My baby likes watching the little ones chew on the pieces. The only reason I gave this a 5 stars is because I am a baby lover, and I'm a collector.",CG
"I'm a pediatric occupational therapist and have been practicing the basic set of skills for my students since they were a year old. The set is designed to teach basic math, so it is designed to",CG
Arrived on time and as described. The pieces are sturdy and will last for a long time.Great product. Great price! I am a huge fan of Tootlemania and this is,CG
"I bought this kit for my daughter and she loves it.  She also loves the tiny pieces.  She plays with it often, and it is easy to clean.  She has been playing",CG
"So far this works great! We have had the wooden trains for a few months now and this one is a favorite.  The plastic parts are very sturdy, and the train is very sturdy.",CG
This was great! I ordered this for my son's third birthday and he loves it! He has been playing with it for about an hour now and is still learning to use it.,CG
"This is a very fun toy. The pieces are sturdy and the pieces fit well in the container.

I had to get a couple of extra pieces to keep the pieces in the container.",CG
My son loves this vehicle. We have the Brio and the Queen. This is the first one we have that we know about. The Brio is the first one we have that we know,CG
Great doll. just love the blue and green colors. My daughter loves her batman!Very nice. I bought this for my son for Christmas and he absolutely loves it.,CG
This is a huge pack of fun and the kids love it. My son loves this one. I bought this for my son for Christmas and he absolutely loves it.,CG
I bought this for my son for Christmas.  He loved it.  He loves to play with it and plays with it often.  He is 3 and loves to take it out of the,CG
"Good condition cards. But there are a couple of flaws. First, the cards themselves are tiny and the bottom of the box is plastic, which is not the case with the cardboard.",CG
"Bought this for my 4 year old granddaughter. She loves it. She also loves the music and the colors. Great for the kids, too. My daughter is 4 and it is pretty easy",CG
No trigger...just pump and go.  I love the wooden trains.  I also like the fact that the bottom is adjustable.  I am not sure how the plastic trains would hold up,CG
My daughter wanted this so badly.  It's just too big.  It's been one of my favorite toys.  I wish I could get the game to be a little smaller so it,CG
"Out of all of the little ones, the one I received was a lot smaller than I expected.

I had to get a larger version of the game, so it is not that big",CG
"Very poor quality! I wasn't expecting it to be as sturdy as it is, but I was disappointed. I bought this for my son for Christmas and he absolutely loves it.",CG
The ink is awful!! Plan to buy refill ink immediately. The stamp shows up so light on the paper it's really hard to even see it. The stamps themselves are adorable and the only reason we didn't return it!,OR
"This product was not an instant hit at the store. I will say that my daughter was excited to get this. The plastic parts are very sturdy, and the cover is very sturdy.",CG
"<div id=""video-block-R17GZ2UXH4BCHJ"" class=""a-section a-spacing-small a-spacing-top-mini video",CG
"Well I definitely got some of the basic pieces, but I will admit that my daughter was pretty disappointed. The game is very simple, and takes a lot of time to get going.",CG
"While this is a cute little set, the wooden pieces are a little difficult for the kids to grasp.  The pieces are plastic, but they're not plastic, so it's not like they're",CG
"If you need an add-on, this is the one. I will admit that my daughter was pretty bummed that this thing didn't come with a video camera. It took a lot of work",CG
these are good i thought it would be a little more expensive but it is just the right price.I bought this for my son for Christmas and he absolutely loves it.  It's made of a,CG
These are ridiculously fun! Bought'em for my 3 year old. He loves them! He loves to throw them around and we had a blast! Will definitely buy more!Great game for kids and,CG
My 4 year-old girl loves this toy and she has been playing with it for a couple of weeks now. The game is easy to understand and is fun to play.,CG
Our 6 year old grandson (who is an avid collector of all things Star Wars) was just starting to get into the Star Wars universe.  The basic idea of this toy is pretty simple.,CG
Wrangler jeans are the best. Great fit and price!! Cheers!!,OR
We love these shoes.  My kids wear them everywhere.,OR
somewhat to large for me.  But they are OK,OR
"Go with your gut for sizing, you'll be better off.",OR
had to hem the cuffs was 1 in to long,OR
Love love love these!! Will be buying more again soon,OR
They fit a little loose but I still like them,OR
alot of snaps to attach...does the job once buttoned up...,OR
Exactly as described and just what I was looking for.,OR
These are very comfortable.  They have the wide width which is perfect.  They are warm and,CG
Great levis (559)!  My daughter loves them.  I've had her for a couple,CG
it works. it looks like a real watch. it is a little snug but not too tight.,CG
"Son is ok with these, but they are a little tight around the waist, so I'm not",CG
"Need to be broken in, but I am very pleased with it.Nice bag!Very pretty.",CG
Very comfortable. Slightly larger than expected. The only problem is that it's a little too large for,CG
"As always, Asics delivers.  They have the quality and comfort of a Uggs.",CG
I bought for a gift and it arrived on time. I will keep it for myself and my husband,CG
"The hat was smashed on the side and the chain broke.

The only reason I ordered this",CG
Good value and quality. I'm a professional with a lot of work. These pants are awesome!,CG
"It's a very cute outfit, but the quality is just not good.",CG
Wanted the pants in MOUCHA colors. The quality is good but the waist is a little,CG
False advertising! There is NO PRICE! Buy it! I will keep my money!Very pretty,CG
Nice lightweight shirt. Looks good and has the wide brim. I will keep it.,CG
"They look different in person, but the quality is just right.  The only reason I ordered the",CG
"Too short for my lip, but I thought it would fit better.  It's a pretty good",CG
for a size medium they are a little tight on me but otherwise they are great!Very pretty.,CG
"Material is soft and conforms to my body. It is a little snug for my small size,",CG
"decent quality, needs more garter belt. The only problem is that it's a little too",CG
Works perfect.....spotted my luggage instantly.  I love the look and feel of it!,CG
"Very good support in a small size, the materials are thick enough to make it comfortable to wear.",CG
"belt is sewn in, but it has the wide width. I normally wear a size 10 and",CG
Fits fine and the grandson looks cute in it. Very good quality. Nice bag.,CG